Workbook

Sheet Products
A1: Excel III. Pokročilý – Produkty
A3: ProductCode | B3: Product | C3: Category | D3: PriceEUR | E3: VATRate | F3: StockQty
A4: P001 | B4: Notebook Pro 14 | C4: Notebooky | D4: 899 | E4: 0.23 | F4: 45
A5: P002 | B5: Notebook Business 15 | C5: Notebooky | D5: 1099 | E5: 0.23 | F5: 28
A6: P003 | B6: Monitor 27 QHD | C6: Monitory | D6: 289 | E6: 0.23 | F6: 75
A7: P004 | B7: Monitor 24 FHD | C7: Monitory | D7: 169 | E7: 0.23 | F7: 96
A8: P005 | B8: Klávesnica Wireless | C8: Príslušenstvo | D8: 49.9 | E8: 0.23 | F8: 180
A9: P006 | B9: Myš Ergonomic | C9: Príslušenstvo | D9: 39.9 | E9: 0.23 | F9: 210
A10: P007 | B10: USB-C Dock | C10: Príslušenstvo | D10: 129 | E10: 0.23 | F10: 62
A11: P008 | B11: Webkamera 4K | C11: Príslušenstvo | D11: 119 | E11: 0.23 | F11: 54

Sheet Lookup
A1: Excel III. – Lookup funkcie
A3: ProductCode | B3: VLOOKUP Product | C3: INDEX+MATCH Price | D3: VAT Rate | E3: Status | G3: XLOOKUP
A4: P001 | B4: =IFERROR(VLOOKUP(A4,Products!$A$4:$F$11,2,FALSE),"Nenájdené") | C4: =IFERROR(INDEX(Products!$D$4:$D$11,MATCH(A4,Products!$A$4:$A$11,0)),0) | D4: =IFERROR(INDEX(Products!$E$4:$E$11,MATCH(A4,Products!$A$4:$A$11,0)),0) | E4: =IF(C4=0,"Skontrolovať kód","OK") | G4: =XLOOKUP(A4,Products!A4:A11,Products!D4:D11,"Nenájdené")
A5: P003 | B5: =IFERROR(VLOOKUP(A5,Products!$A$4:$F$11,2,FALSE),"Nenájdené") | C5: =IFERROR(INDEX(Products!$D$4:$D$11,MATCH(A5,Products!$A$4:$A$11,0)),0) | D5: =IFERROR(INDEX(Products!$E$4:$E$11,MATCH(A5,Products!$A$4:$A$11,0)),0) | E5: =IF(C5=0,"Skontrolovať kód","OK")
A6: P007 | B6: =IFERROR(VLOOKUP(A6,Products!$A$4:$F$11,2,FALSE),"Nenájdené") | C6: =IFERROR(INDEX(Products!$D$4:$D$11,MATCH(A6,Products!$A$4:$A$11,0)),0) | D6: =IFERROR(INDEX(Products!$E$4:$E$11,MATCH(A6,Products!$A$4:$A$11,0)),0) | E6: =IF(C6=0,"Skontrolovať kód","OK")
A7: P999 | B7: =IFERROR(VLOOKUP(A7,Products!$A$4:$F$11,2,FALSE),"Nenájdené") | C7: =IFERROR(INDEX(Products!$D$4:$D$11,MATCH(A7,Products!$A$4:$A$11,0)),0) | D7: =IFERROR(INDEX(Products!$E$4:$E$11,MATCH(A7,Products!$A$4:$A$11,0)),0) | E7: =IF(C7=0,"Skontrolovať kód","OK")

Sheet Analysis
A1: Excel III. – Rozpočet, SUMPRODUCT a Goal Seek
A3: Month | B3: Department | C3: BudgetEUR | D3: ActualEUR | E3: Variance | F3: VariancePercent | H3: SUMPRODUCT Inventory
A4: 2026-01 | B4: Finance | C4: 18000 | D4: 17350 | E4: =D4-C4 | F4: =IFERROR(E4/C4,0) | H4: =SUMPRODUCT(Products!D4:D11,Products!F4:F11)
A5: 2026-01 | B5: IT | C5: 32000 | D5: 33850 | E5: =D5-C5 | F5: =IFERROR(E5/C5,0)
A6: 2026-01 | B6: Marketing | C6: 22000 | D6: 21400 | E6: =D6-C6 | F6: =IFERROR(E6/C6,0) | H6: Goal Seek Model
A7: 2026-02 | B7: Finance | C7: 18000 | D7: 18120 | E7: =D7-C7 | F7: =IFERROR(E7/C7,0) | H7: Unit Price | I7: 100
A8: 2026-02 | B8: IT | C8: 30000 | D8: 29400 | E8: =D8-C8 | F8: =IFERROR(E8/C8,0) | H8: Quantity | I8: 100
A9: 2026-02 | B9: Marketing | C9: 24000 | D9: 25150 | E9: =D9-C9 | F9: =IFERROR(E9/C9,0) | H9: Revenue | I9: =I7*I8
A10: 2026-03 | B10: Finance | C10: 18500 | D10: 17950 | E10: =D10-C10 | F10: =IFERROR(E10/C10,0) | H10: Target | I10: 15000
A11: 2026-03 | B11: IT | C11: 31000 | D11: 30550 | E11: =D11-C11 | F11: =IFERROR(E11/C11,0)
A12: 2026-03 | B12: Marketing | C12: 23000 | D12: 22800 | E12: =D12-C12 | F12: =IFERROR(E12/C12,0) | H12: Goal Seek | I12: Set I9 to 15000 by changing I8

Sheet Pivot Source
A1: Excel III. – Zdroj pre PivotTable
A3: Date | B3: Month | C3: Region | D3: Salesperson | E3: ProductCode | F3: Quantity | G3: UnitPrice | H3: Revenue
A4: 46027 | B4: 2026-01 | C4: Bratislava | D4: Anna Nováková | E4: P001 | F4: 2 | G4: 899 | H4: =F4*G4
A5: 46030 | B5: 2026-01 | C5: Košice | D5: Peter Horváth | E5: P003 | F5: 5 | G5: 289 | H5: =F5*G5
A6: 46037 | B6: 2026-01 | C6: Trnava | D6: Lucia Kováčová | E6: P005 | F6: 12 | G6: 49.9 | H6: =F6*G6
A7: 46056 | B7: 2026-02 | C7: Bratislava | D7: Jakub Šimko | E7: P007 | F7: 7 | G7: 129 | H7: =F7*G7
A8: 46062 | B8: 2026-02 | C8: Nitra | D8: Tomáš Nagy | E8: P006 | F8: 10 | G8: 39.9 | H8: =F8*G8
A9: 46083 | B9: 2026-03 | C9: Bratislava | D9: Michal Bartoš | E9: P002 | F9: 2 | G9: 1099 | H9: =F9*G9
A10: 46093 | B10: 2026-03 | C10: Banská Bystrica | D10: Richard Tóth | E10: P008 | F10: 4 | G10: 119 | H10: =F10*G10
A11: 46123 | B11: 2026-04 | C11: Bratislava | D11: Jakub Šimko | E11: P003 | F11: 4 | G11: 289 | H11: =F11*G11
A12: 46156 | B12: 2026-05 | C12: Nitra | D12: Tomáš Nagy | E12: P007 | F12: 6 | G12: 129 | H12: =F12*G12
A13: 46176 | B13: 2026-06 | C13: Prešov | D13: Zuzana Molnárová | E13: P002 | F13: 2 | G13: 1099 | H13: =F13*G13
